"genus","species","scientificName"
"Reynoutria","japonica","Reynoutria japonica"
"Houttuynia","cordata","Houttuynia cordata"
"Juniperus","virginiana","Juniperus virginiana"
"Cornus","kousa","Cornus kousa"
"Erechtites","hieraciifolius","Erechtites hieraciifolius"
"Berberis","thunbergii","Berberis thunbergii"
"Comptonia","peregrina","Comptonia peregrina"
"Triodanis","perfoliata","Triodanis perfoliata"
"Rubus","phoenicolasius","Rubus phoenicolasius"
"Onoclea","sensibilis","Onoclea sensibilis"
"Alliaria","petiolata","Alliaria petiolata"
"Ajuga","reptans","Ajuga reptans"
"Rubus","idaeus","Rubus idaeus"
"Penstemon","digitalis","Penstemon digitalis"
"Potentilla","indica","Potentilla indica"
"Ficus","carica","Ficus carica"
"Sassafras","albidum","Sassafras albidum"
"Parthenocissus","quinquefolia","Parthenocissus quinquefolia"
"Acalypha","virginica","Acalypha virginica"
"Ornithogalum","umbellatum","Ornithogalum umbellatum"
"Lactuca","canadensis","Lactuca canadensis"
"Hibiscus","syriacus","Hibiscus syriacus"
"Oenothera","fruticosa","Oenothera fruticosa"
"Lamium","purpureum","Lamium purpureum"
"Vinca","minor","Vinca minor"
"Liriodendron","tulipifera","Liriodendron tulipifera"
"Matteuccia","struthiopteris","Matteuccia struthiopteris"
"Fagus","sylvatica","Fagus sylvatica"
"Rhus","copallina","Rhus copallina"
"Lunaria","annua","Lunaria annua"
"Elaeagnus","umbellata","Elaeagnus umbellata"
"Geranium","sanguineum","Geranium sanguineum"
"Monarda","fistulosa","Monarda fistulosa"
"Hydrangea","paniculata","Hydrangea paniculata"
"Aesculus","parviflora","Aesculus parviflora"
"Cornus","florida","Cornus florida"
"Viola","sororia","Viola sororia"
"Ficaria","verna","Ficaria verna"
"Asclepias","syriaca","Asclepias syriaca"
"Commelina","communis","Commelina communis"
"Picea","abies","Picea abies"
"Juniperus","communis","Juniperus communis"
"Ailanthus","altissima","Ailanthus altissima"
"Chimaphila","maculata","Chimaphila maculata"
"Toxicodendron","radicans","Toxicodendron radicans"
"Datura","stramonium","Datura stramonium"
"Artemisia","vulgaris","Artemisia vulgaris"
"Lamium","amplexicaule","Lamium amplexicaule"
"Lysimachia","nummularia","Lysimachia nummularia"
"Albizia","julibrissin","Albizia julibrissin"
"Trifolium","pratense","Trifolium pratense"
"Solanum","dulcamara","Solanum dulcamara"
"Paeonia","lactiflora","Paeonia lactiflora"
"Persicaria","perfoliata","Persicaria perfoliata"
"Potentilla","norvegica","Potentilla norvegica"
"Erigeron","philadelphicus","Erigeron philadelphicus"
"Chenopodium","album","Chenopodium album"
"Robinia","pseudoacacia","Robinia pseudoacacia"
"Euonymus","alatus","Euonymus alatus"
"Portulaca","oleracea","Portulaca oleracea"
"Perilla","frutescens","Perilla frutescens"
"Lysimachia","quadrifolia","Lysimachia quadrifolia"
"Rosa","multiflora","Rosa multiflora"
"Datura","wrightii","Datura wrightii"
"Brunnera","macrophylla","Brunnera macrophylla"
"Acer","palmatum","Acer palmatum"
"Viburnum","dilatatum","Viburnum dilatatum"
"Dianthus","armeria","Dianthus armeria"
"Campsis","radicans","Campsis radicans"
"Prunus","serotina","Prunus serotina"
"Epipactis","helleborine","Epipactis helleborine"
"Pinus","rigida","Pinus rigida"
"Vicia","villosa","Vicia villosa"
"Quercus","ilicifolia","Quercus ilicifolia"
"Chelidonium","majus","Chelidonium majus"
"Chelone","glabra","Chelone glabra"
"Kerria","japonica","Kerria japonica"
"Potentilla","simplex","Potentilla simplex"
"Quercus","alba","Quercus alba"
"Rumex","obtusifolius","Rumex obtusifolius"
"Asclepias","incarnata","Asclepias incarnata"
"Lespedeza","virginica","Lespedeza virginica"
"Solanum","carolinense","Solanum carolinense"
"Vincetoxicum","rossicum","Vincetoxicum rossicum"
"Eupatorium","hyssopifolium","Eupatorium hyssopifolium"
"Coreopsis","tinctoria","Coreopsis tinctoria"
"Crocanthemum","canadense","Crocanthemum canadense"
"Quercus","prinoides","Quercus prinoides"
"Paulownia","tomentosa","Paulownia tomentosa"
"Desmodium","marilandicum","Desmodium marilandicum"
"Nuttallanthus","canadensis","Nuttallanthus canadensis"
"Populus","grandidentata","Populus grandidentata"
"Lysimachia","clethroides","Lysimachia clethroides"
"Coronilla","varia","Coronilla varia"
"Eupatorium","perfoliatum","Eupatorium perfoliatum"
"Carex","scoparia","Carex scoparia"
"Oxydendrum","arboreum","Oxydendrum arboreum"
"Ludwigia","alternifolia","Ludwigia alternifolia"
"Thuja","occidentalis","Thuja occidentalis"
"Cypripedium","acaule","Cypripedium acaule"
"Convallaria","majalis","Convallaria majalis"
"Hamamelis","virginiana","Hamamelis virginiana"
"Maianthemum","canadense","Maianthemum canadense"
"Sitobolium","punctilobum","Sitobolium punctilobum"
"Nymphaea","odorata","Nymphaea odorata"
"Melampyrum","lineare","Melampyrum lineare"
"Apocynum","cannabinum","Apocynum cannabinum"
"Monotropa","uniflora","Monotropa uniflora"
"Alcea","rosea","Alcea rosea"
"Phytolacca","americana","Phytolacca americana"
"Smilax","rotundifolia","Smilax rotundifolia"
"Frangula","alnus","Frangula alnus"
"Lyonia","ligustrina","Lyonia ligustrina"
"Prunella","vulgaris","Prunella vulgaris"
"Verbascum","thapsus","Verbascum thapsus"
"Myriophyllum","aquaticum","Myriophyllum aquaticum"
"Persicaria","maculosa","Persicaria maculosa"
"Matricaria","discoidea","Matricaria discoidea"
"Castanea","dentata","Castanea dentata"
"Pteridium","aquilinum","Pteridium aquilinum"
"Pyrola","americana","Pyrola americana"
"Persicaria","pensylvanica","Persicaria pensylvanica"
"Cardamine","hirsuta","Cardamine hirsuta"
"Halesia","carolina","Halesia carolina"
"Lonicera","maackii","Lonicera maackii"
"Asparagus","officinalis","Asparagus officinalis"
"Tephrosia","virginiana","Tephrosia virginiana"
"Arctostaphylos","uva-ursi","Arctostaphylos uva-ursi"
"Amphicarpaea","bracteata","Amphicarpaea bracteata"
"Juncus","effusus","Juncus effusus"
"Cirsium","vulgare","Cirsium vulgare"
"Lyonia","mariana","Lyonia mariana"
"Geum","canadense","Geum canadense"
"Asclepias","tuberosa","Asclepias tuberosa"
"Miscanthus","sinensis","Miscanthus sinensis"
"Artemisia","annua","Artemisia annua"
"Prunus","persica","Prunus persica"
"Melissa","officinalis","Melissa officinalis"
"Berteroa","incana","Berteroa incana"
"Silene","coronaria","Silene coronaria"
"Pycnanthemum","muticum","Pycnanthemum muticum"
"Pachysandra","terminalis","Pachysandra terminalis"
"Spiraea","japonica","Spiraea japonica"
"Vitis","aestivalis","Vitis aestivalis"
"Rudbeckia","hirta","Rudbeckia hirta"
"Berberis","julianae","Berberis julianae"
"Leucothoe","fontanesiana","Leucothoe fontanesiana"
"Akebia","quinata","Akebia quinata"
"Liquidambar","styraciflua","Liquidambar styraciflua"
"Pontederia","cordata","Pontederia cordata"
"Lobelia","siphilitica","Lobelia siphilitica"
"Saponaria","officinalis","Saponaria officinalis"
"Lamprocapnos","spectabilis","Lamprocapnos spectabilis"
"Ceratophyllum","demersum","Ceratophyllum demersum"
"Glechoma","hederacea","Glechoma hederacea"
"Hemerocallis","fulva","Hemerocallis fulva"
"Pseudognaphalium","obtusifolium","Pseudognaphalium obtusifolium"
"Syringa","vulgaris","Syringa vulgaris"
"Fagus","grandifolia","Fagus grandifolia"
"Amelanchier","laevis","Amelanchier laevis"
"Gaylussacia","baccata","Gaylussacia baccata"
"Aralia","nudicaulis","Aralia nudicaulis"
"Platanus","occidentalis","Platanus occidentalis"
"Ostrya","virginiana","Ostrya virginiana"
"Digitalis","purpurea","Digitalis purpurea"
"Ilex","opaca","Ilex opaca"
"Epigaea","repens","Epigaea repens"
"Acer","rubrum","Acer rubrum"
"Smilax","glauca","Smilax glauca"
"Trifolium","repens","Trifolium repens"
"Gaultheria","procumbens","Gaultheria procumbens"
"Monarda","didyma","Monarda didyma"
"Tilia","americana","Tilia americana"
"Rosa","rugosa","Rosa rugosa"
"Carya","alba","Carya alba"
"Aesculus","hippocastanum","Aesculus hippocastanum"
"Berberis","vulgaris","Berberis vulgaris"
"Euphorbia","maculata","Euphorbia maculata"
"Hedera","helix","Hedera helix"
"Clethra","alnifolia","Clethra alnifolia"
"Euphorbia","cyparissias","Euphorbia cyparissias"
"Lindera","benzoin","Lindera benzoin"
"Kalmia","latifolia","Kalmia latifolia"
"Populus","alba","Populus alba"
"Lactuca","serriola","Lactuca serriola"
"Rubus","occidentalis","Rubus occidentalis"
"Acer","platanoides","Acer platanoides"
"Rhodotypos","scandens","Rhodotypos scandens"
"Persicaria","longiseta","Persicaria longiseta"
"Phragmites","australis","Phragmites australis"
"Abutilon","theophrasti","Abutilon theophrasti"
"Hydrangea","arborescens","Hydrangea arborescens"
"Sedum","sarmentosum","Sedum sarmentosum"
"Prunus","cerasifera","Prunus cerasifera"
"Carex","comosa","Carex comosa"
"Symplocarpus","foetidus","Symplocarpus foetidus"
"Myrica","gale","Myrica gale"
"Decodon","verticillatus","Decodon verticillatus"
"Lespedeza","hirta","Lespedeza hirta"
"Hypericum","gentianoides","Hypericum gentianoides"
"Gaylussacia","frondosa","Gaylussacia frondosa"
"Vaccinium","macrocarpon","Vaccinium macrocarpon"
"Cabomba","caroliniana","Cabomba caroliniana"
"Osmundastrum","cinnamomeum","Osmundastrum cinnamomeum"
"Froelichia","gracilis","Froelichia gracilis"
"Potamogeton","epihydrus","Potamogeton epihydrus"
"Dioscorea","villosa","Dioscorea villosa"
"Chamaedaphne","calyculata","Chamaedaphne calyculata"
"Verbena","urticifolia","Verbena urticifolia"
"Morella","pensylvanica","Morella pensylvanica"
"Ilex","glabra","Ilex glabra"
"Trichostema","dichotomum","Trichostema dichotomum"
"Brasenia","schreberi","Brasenia schreberi"
"Lysimachia","terrestris","Lysimachia terrestris"
"Hypericum","mutilum","Hypericum mutilum"
"Lycopus","uniflorus","Lycopus uniflorus"
"Podophyllum","peltatum","Podophyllum peltatum"
"Polygonum","aviculare","Polygonum aviculare"
"Lespedeza","cuneata","Lespedeza cuneata"
"Quercus","velutina","Quercus velutina"
"Amsonia","tabernaemontana","Amsonia tabernaemontana"
"Ionactis","linariifolia","Ionactis linariifolia"
"Utricularia","macrorhiza","Utricularia macrorhiza"
"Melilotus","officinalis","Melilotus officinalis"
"Triadenum","virginicum","Triadenum virginicum"
"Drosera","intermedia","Drosera intermedia"
"Calycanthus","floridus","Calycanthus floridus"
"Nyssa","sylvatica","Nyssa sylvatica"
"Vaccinium","corymbosum","Vaccinium corymbosum"
"Celastrus","orbiculatus","Celastrus orbiculatus"
"Iris","versicolor","Iris versicolor"
"Eubotrys","racemosa","Eubotrys racemosa"
"Rhododendron","viscosum","Rhododendron viscosum"
"Lathyrus","sylvestris","Lathyrus sylvestris"
"Ampelopsis","glandulosa","Ampelopsis glandulosa"
"Hypochaeris","radicata","Hypochaeris radicata"
"Plantago","lanceolata","Plantago lanceolata"
"Rhexia","virginica","Rhexia virginica"
"Pinus","strobus","Pinus strobus"
"Oxalis","dillenii","Oxalis dillenii"
"Melilotus","albus","Melilotus albus"
"Asclepias","amplexicaulis","Asclepias amplexicaulis"
"Plantago","aristata","Plantago aristata"
"Apios","americana","Apios americana"
"Utricularia","gibba","Utricularia gibba"
"Rumex","acetosella","Rumex acetosella"
"Kummerowia","striata","Kummerowia striata"
"Centaurea","stoebe","Centaurea stoebe"
"Rubus","hispidus","Rubus hispidus"
"Solanum","tuberosum","Solanum tuberosum"
"Trifolium","arvense","Trifolium arvense"
"Desmodium","paniculatum","Desmodium paniculatum"
"Achillea","millefolium","Achillea millefolium"
"Desmodium","ciliare","Desmodium ciliare"
"Dulichium","arundinaceum","Dulichium arundinaceum"
"Hypericum","perforatum","Hypericum perforatum"
"Medicago","lupulina","Medicago lupulina"
"Lonicera","japonica","Lonicera japonica"
"Euthamia","caroliniana","Euthamia caroliniana"
"Krigia","virginica","Krigia virginica"
"Cephalanthus","occidentalis","Cephalanthus occidentalis"
"Erigeron","canadensis","Erigeron canadensis"
"Polystichum","acrostichoides","Polystichum acrostichoides"
"Papaver","somniferum","Papaver somniferum"
"Lespedeza","capitata","Lespedeza capitata"
"Hexasepalum","teres","Hexasepalum teres"
"Dryopteris","intermedia","Dryopteris intermedia"
"Goodyera","pubescens","Goodyera pubescens"
"Calystegia","sepium","Calystegia sepium"
"Verbena","bracteata","Verbena bracteata"
"Ambrosia","artemisiifolia","Ambrosia artemisiifolia"
"Catalpa","bignonioides","Catalpa bignonioides"
"Veronica","officinalis","Veronica officinalis"
"Danthonia","spicata","Danthonia spicata"
"Lysimachia","borealis","Lysimachia borealis"
"Bromus","hordeaceus","Bromus hordeaceus"
"Vaccinium","pallidum","Vaccinium pallidum"
"Dactylis","glomerata","Dactylis glomerata"
"Polygonella","articulata","Polygonella articulata"
"Potentilla","argentea","Potentilla argentea"
"Spiraea","tomentosa","Spiraea tomentosa"
"Quercus","stellata","Quercus stellata"
"Bidens","frondosa","Bidens frondosa"
"Trifolium","campestre","Trifolium campestre"
"Thelypteris","palustris","Thelypteris palustris"
"Lotus","corniculatus","Lotus corniculatus"
"Hypopitys","monotropa","Hypopitys monotropa"
"Bidens","connata","Bidens connata"
"Dendrolycopodium","obscurum","Dendrolycopodium obscurum"
"Comandra","umbellata","Comandra umbellata"
"Brassica","oleracea","Brassica oleracea"
"Vicia","hirsuta","Vicia hirsuta"
"Potentilla","recta","Potentilla recta"
"Raphanus","raphanistrum","Raphanus raphanistrum"
"Euonymus","fortunei","Euonymus fortunei"
"Solidago","rugosa","Solidago rugosa"
"Nipponanthemum","nipponicum","Nipponanthemum nipponicum"
"Tussilago","farfara","Tussilago farfara"
"Phyllanthus","urinaria","Phyllanthus urinaria"
"Borago","officinalis","Borago officinalis"
"Conoclinium","coelestinum","Conoclinium coelestinum"
"Valeriana","officinalis","Valeriana officinalis"
"Ligustrum","obtusifolium","Ligustrum obtusifolium"
"Phlox","paniculata","Phlox paniculata"
"Arisaema","triphyllum","Arisaema triphyllum"
"Lamium","galeobdolon","Lamium galeobdolon"
"Veronica","serpyllifolia","Veronica serpyllifolia"
"Daucus","carota","Daucus carota"
"Cakile","edentula","Cakile edentula"
"Ligustrum","ovalifolium","Ligustrum ovalifolium"
"Heliopsis","helianthoides","Heliopsis helianthoides"
"Pilea","pumila","Pilea pumila"
"Chamaecyparis","thyoides","Chamaecyparis thyoides"
"Galinsoga","quadriradiata","Galinsoga quadriradiata"
"Osmunda","spectabilis","Osmunda spectabilis"
"Hibiscus","moscheutos","Hibiscus moscheutos"
"Nuphar","variegata","Nuphar variegata"
"Erodium","cicutarium","Erodium cicutarium"
"Pityopsis","falcata","Pityopsis falcata"
"Solidago","nemoralis","Solidago nemoralis"
"Mikania","scandens","Mikania scandens"
"Plantago","major","Plantago major"
"Betula","populifolia","Betula populifolia"
"Baccharis","halimifolia","Baccharis halimifolia"
"Viburnum","setigerum","Viburnum setigerum"
"Hudsonia","ericoides","Hudsonia ericoides"
"Cercis","canadensis","Cercis canadensis"
"Solanum","nigrum","Solanum nigrum"
"Clematis","terniflora","Clematis terniflora"
"Cucumis","sativus","Cucumis sativus"
"Vaccinium","angustifolium","Vaccinium angustifolium"
"Rosa","palustris","Rosa palustris"
"Kalmia","angustifolia","Kalmia angustifolia"
"Poa","bulbosa","Poa bulbosa"
"Celtis","occidentalis","Celtis occidentalis"
"Linaria","vulgaris","Linaria vulgaris"
"Parthenocissus","tricuspidata","Parthenocissus tricuspidata"
"Potamogeton","crispus","Potamogeton crispus"
"Leucanthemum","vulgare","Leucanthemum vulgare"
"Ilex","crenata","Ilex crenata"
"Drosera","rotundifolia","Drosera rotundifolia"
"Anthoxanthum","odoratum","Anthoxanthum odoratum"
"Ludwigia","peploides","Ludwigia peploides"
"Ageratina","altissima","Ageratina altissima"
"Convolvulus","arvensis","Convolvulus arvensis"
"Catalpa","speciosa","Catalpa speciosa"
"Quercus","coccinea","Quercus coccinea"
"Astilbe","japonica","Astilbe japonica"
"Solidago","sempervirens","Solidago sempervirens"
"Ilex","verticillata","Ilex verticillata"
"Ricinus","communis","Ricinus communis"
"Lepidium","virginicum","Lepidium virginicum"
"Teucrium","canadense","Teucrium canadense"
"Poa","annua","Poa annua"
"Silene","latifolia","Silene latifolia"
"Sporobolus","alterniflorus","Sporobolus alterniflorus"
"Myosotis","stricta","Myosotis stricta"
"Iva","frutescens","Iva frutescens"
"Lysimachia","punctata","Lysimachia punctata"
"Taraxacum","officinale","Taraxacum officinale"
"Cirsium","discolor","Cirsium discolor"
"Centaurea","jacea","Centaurea jacea"
"Juglans","nigra","Juglans nigra"
"Opuntia","humifusa","Opuntia humifusa"
"Rudbeckia","laciniata","Rudbeckia laciniata"
"Geranium","macrorrhizum","Geranium macrorrhizum"
"Vicia","sativa","Vicia sativa"
"Carya","cordiformis","Carya cordiformis"
"Persicaria","virginiana","Persicaria virginiana"
"Solanum","lycopersicum","Solanum lycopersicum"
"Epifagus","virginiana","Epifagus virginiana"
"Erigeron","strigosus","Erigeron strigosus"
"Hudsonia","tomentosa","Hudsonia tomentosa"
"Potentilla","canadensis","Potentilla canadensis"
"Morus","alba","Morus alba"
"Trifolium","incarnatum","Trifolium incarnatum"
"Schoenoplectus","pungens","Schoenoplectus pungens"
"Actaea","racemosa","Actaea racemosa"
"Arum","italicum","Arum italicum"
"Symphytum","officinale","Symphytum officinale"
"Limonium","carolinianum","Limonium carolinianum"
"Gleditsia","triacanthos","Gleditsia triacanthos"
"Galium","aparine","Galium aparine"
"Acer","pseudoplatanus","Acer pseudoplatanus"
"Salvia","officinalis","Salvia officinalis"
"Acer","negundo","Acer negundo"
"Calamagrostis","breviligulata","Calamagrostis breviligulata"
"Xanthium","strumarium","Xanthium strumarium"
"Cosmos","bipinnatus","Cosmos bipinnatus"
"Dianthus","barbatus","Dianthus barbatus"
"Pluchea","odorata","Pluchea odorata"
"Salicornia","virginica","Salicornia virginica"
"Rhododendron","maximum","Rhododendron maximum"
"Lilium","superbum","Lilium superbum"
"Chamaecrista","fasciculata","Chamaecrista fasciculata"
"Erigeron","annuus","Erigeron annuus"
"Cichorium","intybus","Cichorium intybus"
"Carex","folliculata","Carex folliculata"
"Tetradium","daniellii","Tetradium daniellii"
"Humulus","lupulus","Humulus lupulus"
"Pieris","japonica","Pieris japonica"
"Microstegium","vimineum","Microstegium vimineum"
"Lechea","maritima","Lechea maritima"
"Malus","domestica","Malus domestica"
"Scirpus","cyperinus","Scirpus cyperinus"
"Scutellaria","lateriflora","Scutellaria lateriflora"
"Cucurbita","pepo","Cucurbita pepo"
"Lindernia","dubia","Lindernia dubia"
"Galium","odoratum","Galium odoratum"
"Agalinis","purpurea","Agalinis purpurea"
"Persicaria","sagittata","Persicaria sagittata"
"Mertensia","virginica","Mertensia virginica"
"Tridens","flavus","Tridens flavus"
"Carex","lurida","Carex lurida"
"Carex","longii","Carex longii"
"Allium","vineale","Allium vineale"
"Peltandra","virginica","Peltandra virginica"
"Quercus","montana","Quercus montana"
"Cenchrus","alopecuroides","Cenchrus alopecuroides"
"Asimina","triloba","Asimina triloba"
"Forsythia","intermedia","Forsythia intermedia"
"Celastrus","scandens","Celastrus scandens"
"Veronica","chamaedrys","Veronica chamaedrys"
"Sisyrinchium","angustifolium","Sisyrinchium angustifolium"
"Euonymus","europaeus","Euonymus europaeus"
"Aquilegia","canadensis","Aquilegia canadensis"
"Magnolia","virginiana","Magnolia virginiana"
"Osmanthus","heterophyllus","Osmanthus heterophyllus"
"Callicarpa","dichotoma","Callicarpa dichotoma"
"Tiarella","cordifolia","Tiarella cordifolia"
"Quercus","rubra","Quercus rubra"
"Eragrostis","spectabilis","Eragrostis spectabilis"
"Heracleum","maximum","Heracleum maximum"
"Holcus","lanatus","Holcus lanatus"
"Sedum","acre","Sedum acre"
"Prunus","maritima","Prunus maritima"
"Lepidium","campestre","Lepidium campestre"
"Ilex","aquifolium","Ilex aquifolium"
"Lapsana","communis","Lapsana communis"
"Ranunculus","recurvatus","Ranunculus recurvatus"
"Helianthus","annuus","Helianthus annuus"
"Lonicera","fragrantissima","Lonicera fragrantissima"
"Lythrum","salicaria","Lythrum salicaria"
"Hesperis","matronalis","Hesperis matronalis"
"Lathyrus","japonicus","Lathyrus japonicus"
"Ranunculus","bulbosus","Ranunculus bulbosus"
"Impatiens","capensis","Impatiens capensis"
"Veronica","persica","Veronica persica"
"Medeola","virginiana","Medeola virginiana"
"Pyrus","calleryana","Pyrus calleryana"
"Zizia","aurea","Zizia aurea"
"Persicaria","filiformis","Persicaria filiformis"
"Verbena","hastata","Verbena hastata"
"Parthenium","integrifolium","Parthenium integrifolium"
"Baptisia","australis","Baptisia australis"
"Lysimachia","ciliata","Lysimachia ciliata"
"Rubus","allegheniensis","Rubus allegheniensis"
"Cynoglossum","amabile","Cynoglossum amabile"
"Primula","japonica","Primula japonica"
"Persicaria","arifolia","Persicaria arifolia"
"Cosmos","sulphureus","Cosmos sulphureus"
"Alnus","serrulata","Alnus serrulata"
"Aronia","arbutifolia","Aronia arbutifolia"
"Spiraea","thunbergii","Spiraea thunbergii"
"Chionanthus","virginicus","Chionanthus virginicus"
"Iris","pseudacorus","Iris pseudacorus"
"Toxicodendron","vernix","Toxicodendron vernix"
"Eutrochium","dubium","Eutrochium dubium"
"Taxodium","distichum","Taxodium distichum"
"Geranium","maculatum","Geranium maculatum"
"Sedum","sexangulare","Sedum sexangulare"
"Verbesina","alternifolia","Verbesina alternifolia"
"Sanguisorba","canadensis","Sanguisorba canadensis"
"Euthamia","graminifolia","Euthamia graminifolia"
"Cercidiphyllum","japonicum","Cercidiphyllum japonicum"
"Eurybia","divaricata","Eurybia divaricata"
"Physocarpus","opulifolius","Physocarpus opulifolius"
"Viburnum","plicatum","Viburnum plicatum"
"Chelone","lyonii","Chelone lyonii"
"Leonurus","cardiaca","Leonurus cardiaca"
"Mimulus","ringens","Mimulus ringens"
"Baptisia","tinctoria","Baptisia tinctoria"
"Rosa","carolina","Rosa carolina"
"Origanum","vulgare","Origanum vulgare"
"Solidago","odora","Solidago odora"
"Panicum","virgatum","Panicum virgatum"
"Scleranthus","annuus","Scleranthus annuus"
"Tsuga","canadensis","Tsuga canadensis"
"Nasturtium","officinale","Nasturtium officinale"
"Symphoricarpos","orbiculatus","Symphoricarpos orbiculatus"
"Hackelia","virginiana","Hackelia virginiana"
"Lorinseria","areolata","Lorinseria areolata"
"Scilla","luciliae","Scilla luciliae"
"Phalaris","arundinacea","Phalaris arundinacea"
"Taxus","canadensis","Taxus canadensis"
"Ipomoea","hederacea","Ipomoea hederacea"
"Bidens","cernua","Bidens cernua"
"Mitchella","repens","Mitchella repens"
"Cicuta","maculata","Cicuta maculata"
"Betula","lenta","Betula lenta"
"Physostegia","virginiana","Physostegia virginiana"
"Dichanthelium","clandestinum","Dichanthelium clandestinum"
"Hemerocallis","lilioasphodelus","Hemerocallis lilioasphodelus"
"Phlox","subulata","Phlox subulata"
"Carex","stricta","Carex stricta"
"Vicia","cracca","Vicia cracca"
"Verbena","stricta","Verbena stricta"
"Viburnum","dentatum","Viburnum dentatum"
"Cardamine","impatiens","Cardamine impatiens"
"Lobelia","cardinalis","Lobelia cardinalis"
"Carex","radiata","Carex radiata"
"Allium","tuberosum","Allium tuberosum"
"Elymus","canadensis","Elymus canadensis"
"Clinopodium","vulgare","Clinopodium vulgare"
"Acer","freemanii","Acer freemanii"
"Juncus","gerardi","Juncus gerardi"
"Malva","sylvestris","Malva sylvestris"
"Myosotis","scorpioides","Myosotis scorpioides"
"Carex","intumescens","Carex intumescens"
"Anemone","quinquefolia","Anemone quinquefolia"
"Coreopsis","verticillata","Coreopsis verticillata"
"Lathyrus","latifolius","Lathyrus latifolius"
"Rubus","flagellaris","Rubus flagellaris"
"Viola","sagittata","Viola sagittata"
"Solidago","altissima","Solidago altissima"
"Cotinus","coggygria","Cotinus coggygria"
"Geranium","carolinianum","Geranium carolinianum"
"Campanula","glomerata","Campanula glomerata"
"Hibiscus","trionum","Hibiscus trionum"
"Thymus","pulegioides","Thymus pulegioides"
"Eschscholzia","californica","Eschscholzia californica"
"Verbena","bonariensis","Verbena bonariensis"
"Erythronium","americanum","Erythronium americanum"
"Celosia","argentea","Celosia argentea"
"Artemisia","absinthium","Artemisia absinthium"
"Tanacetum","vulgare","Tanacetum vulgare"
"Tradescantia","virginiana","Tradescantia virginiana"
"Cardamine","occulta","Cardamine occulta"
"Betula","pendula","Betula pendula"
"Arctium","minus","Arctium minus"
"Betula","nigra","Betula nigra"
"Schizachyrium","scoparium","Schizachyrium scoparium"
"Viola","fimbriatula","Viola fimbriatula"
"Sonchus","oleraceus","Sonchus oleraceus"
"Fragaria","virginiana","Fragaria virginiana"
"Dasiphora","fruticosa","Dasiphora fruticosa"
"Cyperus","lupulinus","Cyperus lupulinus"
"Sporobolus","pumilus","Sporobolus pumilus"
"Pinus","thunbergii","Pinus thunbergii"
"Gaillardia","pulchella","Gaillardia pulchella"
"Lysimachia","arvensis","Lysimachia arvensis"
"Populus","tremuloides","Populus tremuloides"
"Thlaspi","arvense","Thlaspi arvense"
"Viburnum","cassinoides","Viburnum cassinoides"
"Acer","saccharinum","Acer saccharinum"
"Vicia","tetrasperma","Vicia tetrasperma"
"Aegopodium","podagraria","Aegopodium podagraria"
"Pogonia","ophioglossoides","Pogonia ophioglossoides"
"Amelanchier","canadensis","Amelanchier canadensis"
"Nicotiana","sylvestris","Nicotiana sylvestris"
"Cyperus","esculentus","Cyperus esculentus"
"Aralia","elata","Aralia elata"
"Rosa","virginiana","Rosa virginiana"
"Solidago","caesia","Solidago caesia"
"Magnolia","macrophylla","Magnolia macrophylla"
"Sorghastrum","nutans","Sorghastrum nutans"
"Eleusine","indica","Eleusine indica"
"Equisetum","arvense","Equisetum arvense"
"Veronica","filiformis","Veronica filiformis"
"Tanacetum","parthenium","Tanacetum parthenium"
"Capsella","bursa-pastoris","Capsella bursa-pastoris"
"Trapa","natans","Trapa natans"
"Ambrosia","trifida","Ambrosia trifida"
"Passiflora","incarnata","Passiflora incarnata"
"Senecio","vulgaris","Senecio vulgaris"
"Dipsacus","fullonum","Dipsacus fullonum"
"Staphylea","trifolia","Staphylea trifolia"
"Stellaria","media","Stellaria media"
"Myosotis","sylvatica","Myosotis sylvatica"
"Amorpha","fruticosa","Amorpha fruticosa"
"Aralia","racemosa","Aralia racemosa"
"Oenothera","biennis","Oenothera biennis"
"Reynoutria","sachalinensis","Reynoutria sachalinensis"
"Maclura","pomifera","Maclura pomifera"
"Rhododendron","periclymenoides","Rhododendron periclymenoides"
"Vinca","major","Vinca major"
"Iris","domestica","Iris domestica"
"Viola","striata","Viola striata"
"Acalypha","rhomboidea","Acalypha rhomboidea"
"Coreopsis","lanceolata","Coreopsis lanceolata"
"Gomphrena","globosa","Gomphrena globosa"
"Scilla","siberica","Scilla siberica"
"Eleutherococcus","sieboldianus","Eleutherococcus sieboldianus"
"Maianthemum","racemosum","Maianthemum racemosum"
"Pulmonaria","officinalis","Pulmonaria officinalis"
"Polygonatum","biflorum","Polygonatum biflorum"
"Sicyos","angulatus","Sicyos angulatus"
"Anemone","blanda","Anemone blanda"
"Cymbalaria","muralis","Cymbalaria muralis"
"Veronica","arvensis","Veronica arvensis"
"Galanthus","nivalis","Galanthus nivalis"
"Rhus","typhina","Rhus typhina"
"Anthriscus","sylvestris","Anthriscus sylvestris"
"Asclepias","purpurascens","Asclepias purpurascens"
"Trifolium","dubium","Trifolium dubium"
"Draba","verna","Draba verna"
"Vernonia","noveboracensis","Vernonia noveboracensis"
"Eutrochium","purpureum","Eutrochium purpureum"
"Setaria","viridis","Setaria viridis"
"Pseudofumaria","lutea","Pseudofumaria lutea"
"Lepidium","didymum","Lepidium didymum"
"Knautia","arvensis","Knautia arvensis"
"Anemonastrum","canadense","Anemonastrum canadense"
"Viburnum","opulus","Viburnum opulus"
"Setaria","pumila","Setaria pumila"
"Rubus","odoratus","Rubus odoratus"
"Viburnum","prunifolium","Viburnum prunifolium"
"Arabidopsis","lyrata","Arabidopsis lyrata"
"Dicentra","cucullaria","Dicentra cucullaria"
"Gymnocladus","dioicus","Gymnocladus dioicus"
"Lobularia","maritima","Lobularia maritima"
"Rumex","crispus","Rumex crispus"
"Silene","caroliniana","Silene caroliniana"
"Viburnum","sieboldii","Viburnum sieboldii"
"Echinochloa","crus-galli","Echinochloa crus-galli"
"Buddleja","davidii","Buddleja davidii"
"Silene","dioica","Silene dioica"
"Kolkwitzia","amabilis","Kolkwitzia amabilis"
"Sambucus","racemosa","Sambucus racemosa"
"Eranthis","hyemalis","Eranthis hyemalis"
"Echinocystis","lobata","Echinocystis lobata"
"Hedeoma","pulegioides","Hedeoma pulegioides"
"Fallopia","scandens","Fallopia scandens"
"Fatoua","villosa","Fatoua villosa"
"Humulus","scandens","Humulus scandens"
"Polygonatum","pubescens","Polygonatum pubescens"
"Echinacea","purpurea","Echinacea purpurea"
"Cardamine","concatenata","Cardamine concatenata"
"Iris","hybrida","Iris hybrida"
"Claytonia","virginica","Claytonia virginica"
"Aucuba","japonica","Aucuba japonica"
"Jasminum","nudiflorum","Jasminum nudiflorum"
"Amauropelta","noveboracensis","Amauropelta noveboracensis"
"Arabidopsis","thaliana","Arabidopsis thaliana"
"Amelanchier","arborea","Amelanchier arborea"
"Cardamine","diphylla","Cardamine diphylla"
"Viola","eriocarpa","Viola eriocarpa"
"Plantago","rugelii","Plantago rugelii"
"Oxalis","stricta","Oxalis stricta"
"Osmorhiza","claytonii","Osmorhiza claytonii"
"Fraxinus","americana","Fraxinus americana"
"Carex","stipata","Carex stipata"
"Malva","neglecta","Malva neglecta"
"Sanguinaria","canadensis","Sanguinaria canadensis"
"Circaea","canadensis","Circaea canadensis"
"Triosteum","aurantiacum","Triosteum aurantiacum"
"Cirsium","arvense","Cirsium arvense"
"Cardamine","douglassii","Cardamine douglassii"
"Malus","hupehensis","Malus hupehensis"
"Solidago","canadensis","Solidago canadensis"
"Veronica","hederifolia","Veronica hederifolia"
"Viburnum","acerifolium","Viburnum acerifolium"
"Centaurea","cyanus","Centaurea cyanus"
"Dysphania","ambrosioides","Dysphania ambrosioides"
"Epilobium","hirsutum","Epilobium hirsutum"
"Mazus","pumilus","Mazus pumilus"
"Solidago","speciosa","Solidago speciosa"
"Menispermum","canadense","Menispermum canadense"
"Luzula","multiflora","Luzula multiflora"
"Solidago","juncea","Solidago juncea"
"Ipomoea","purpurea","Ipomoea purpurea"
"Lamium","hybridum","Lamium hybridum"
"Ornithogalum","nutans","Ornithogalum nutans"
"Deparia","acrostichoides","Deparia acrostichoides"
"Bidens","vulgata","Bidens vulgata"
"Desmodium","perplexum","Desmodium perplexum"
"Silene","vulgaris","Silene vulgaris"
"Barbarea","vulgaris","Barbarea vulgaris"
"Carya","ovata","Carya ovata"
"Yucca","filamentosa","Yucca filamentosa"
"Eryngium","yuccifolium","Eryngium yuccifolium"
"Silene","stellata","Silene stellata"
"Cornus","sericea","Cornus sericea"
"Euonymus","japonicus","Euonymus japonicus"
"Solidago","bicolor","Solidago bicolor"
"Cornus","amomum","Cornus amomum"
"Eclipta","prostrata","Eclipta prostrata"
"Fraxinus","pennsylvanica","Fraxinus pennsylvanica"
"Equisetum","hyemale","Equisetum hyemale"
"Carex","pensylvanica","Carex pensylvanica"
"Viola","canadensis","Viola canadensis"
"Typha","latifolia","Typha latifolia"
"Trifolium","hybridum","Trifolium hybridum"
"Carpinus","caroliniana","Carpinus caroliniana"
"Spiraea","alba","Spiraea alba"
"Magnolia","tripetala","Magnolia tripetala"
"Cryptotaenia","canadensis","Cryptotaenia canadensis"
"Galanthus","elwesii","Galanthus elwesii"
"Quercus","palustris","Quercus palustris"
"Gamochaeta","pensylvanica","Gamochaeta pensylvanica"
"Asplenium","platyneuron","Asplenium platyneuron"
"Vitis","riparia","Vitis riparia"
"Desmodium","canescens","Desmodium canescens"
"Thalictrum","pubescens","Thalictrum pubescens"
"Sambucus","canadensis","Sambucus canadensis"
"Nuphar","advena","Nuphar advena"
"Hylodesmum","glutinosum","Hylodesmum glutinosum"
"Sagina","procumbens","Sagina procumbens"
"Cornus","mas","Cornus mas"
"Mollugo","verticillata","Mollugo verticillata"
"Lespedeza","violacea","Lespedeza violacea"
"Micranthes","pensylvanica","Micranthes pensylvanica"
"Thalictrum","dioicum","Thalictrum dioicum"
"Acer","saccharum","Acer saccharum"
"Veronica","peregrina","Veronica peregrina"
"Althaea","officinalis","Althaea officinalis"
"Campanula","rapunculoides","Campanula rapunculoides"
"Persicaria","hydropiper","Persicaria hydropiper"
"Wolffia","brasiliensis","Wolffia brasiliensis"
"Rhus","glabra","Rhus glabra"
"Corydalis","solida","Corydalis solida"
"Uvularia","sessilifolia","Uvularia sessilifolia"
"Saururus","cernuus","Saururus cernuus"
"Veronica","sublobata","Veronica sublobata"
"Caltha","palustris","Caltha palustris"
"Ceratophyllum","echinatum","Ceratophyllum echinatum"
"Hypoxis","hirsuta","Hypoxis hirsuta"
"Vincetoxicum","nigrum","Vincetoxicum nigrum"
"Impatiens","pallida","Impatiens pallida"
"Bromus","tectorum","Bromus tectorum"
"Aronia","melanocarpa","Aronia melanocarpa"
"Picea","pungens","Picea pungens"
"Ranunculus","sceleratus","Ranunculus sceleratus"
"Solidago","gigantea","Solidago gigantea"
"Desmodium","canadense","Desmodium canadense"
"Sagittaria","latifolia","Sagittaria latifolia"
"Carex","rosea","Carex rosea"
"Helianthus","divaricatus","Helianthus divaricatus"
"Stylophorum","diphyllum","Stylophorum diphyllum"
"Symphyotrichum","lanceolatum","Symphyotrichum lanceolatum"
"Leersia","oryzoides","Leersia oryzoides"
"Monarda","punctata","Monarda punctata"
"Koelreuteria","paniculata","Koelreuteria paniculata"
"Fraxinus","profunda","Fraxinus profunda"
"Physematium","obtusum","Physematium obtusum"
"Dryopteris","marginalis","Dryopteris marginalis"
"Ulmus","rubra","Ulmus rubra"
"Verbascum","blattaria","Verbascum blattaria"
"Dysphania","pumilio","Dysphania pumilio"
"Thalictrum","thalictroides","Thalictrum thalictroides"
"Angelica","atropurpurea","Angelica atropurpurea"
"Allium","canadense","Allium canadense"
"Silphium","perfoliatum","Silphium perfoliatum"
"Actaea","pachypoda","Actaea pachypoda"
"Bidens","bipinnata","Bidens bipinnata"
"Lonicera","tatarica","Lonicera tatarica"
"Ginkgo","biloba","Ginkgo biloba"
"Tragopogon","dubius","Tragopogon dubius"
"Rhamnus","cathartica","Rhamnus cathartica"
"Carex","grayi","Carex grayi"
"Scilla","sardensis","Scilla sardensis"
"Ranunculus","hispidus","Ranunculus hispidus"
"Geum","vernum","Geum vernum"
"Carya","glabra","Carya glabra"
"Pastinaca","sativa","Pastinaca sativa"
"Symphyotrichum","cordifolium","Symphyotrichum cordifolium"
"Rumex","cristatus","Rumex cristatus"
"Typha","angustifolia","Typha angustifolia"
"Collinsonia","canadensis","Collinsonia canadensis"
"Helenium","autumnale","Helenium autumnale"
"Acer","campestre","Acer campestre"
"Salix","pendulina","Salix pendulina"
"Galium","mollugo","Galium mollugo"
"Broussonetia","papyrifera","Broussonetia papyrifera"
"Carex","crinita","Carex crinita"
"Rubus","laciniatus","Rubus laciniatus"
"Eutrochium","maculatum","Eutrochium maculatum"
"Rudbeckia","triloba","Rudbeckia triloba"
"Toona","sinensis","Toona sinensis"
"Setaria","faberi","Setaria faberi"
"Elymus","hystrix","Elymus hystrix"
"Centaurea","nigrescens","Centaurea nigrescens"
"Galinsoga","parviflora","Galinsoga parviflora"
"Geranium","robertianum","Geranium robertianum"
"Galium","circaezans","Galium circaezans"
"Lemna","minor","Lemna minor"
"Pycnanthemum","tenuifolium","Pycnanthemum tenuifolium"
"Clematis","virginiana","Clematis virginiana"
"Boehmeria","cylindrica","Boehmeria cylindrica"
"Hordeum","murinum","Hordeum murinum"
"Sanicula","canadensis","Sanicula canadensis"
"Cydonia","oblonga","Cydonia oblonga"
"Phryma","leptostachya","Phryma leptostachya"
"Rumex","patientia","Rumex patientia"
"Hypericum","punctatum","Hypericum punctatum"
"Sedum","album","Sedum album"
"Lespedeza","procumbens","Lespedeza procumbens"
"Physalis","heterophylla","Physalis heterophylla"
"Diervilla","lonicera","Diervilla lonicera"
"Impatiens","balfourii","Impatiens balfourii"
"Morus","indica","Morus indica"
"Petasites","japonicus","Petasites japonicus"
"Ranunculus","abortivus","Ranunculus abortivus"
"Hieracium","venosum","Hieracium venosum"
"Viburnum","recognitum","Viburnum recognitum"
"Aesculus","flava","Aesculus flava"
"Populus","deltoides","Populus deltoides"
"Spirodela","polyrhiza","Spirodela polyrhiza"
"Veratrum","viride","Veratrum viride"
"Tripsacum","dactyloides","Tripsacum dactyloides"
"Phleum","pratense","Phleum pratense"
"Rudbeckia","subtomentosa","Rudbeckia subtomentosa"
"Euphorbia","corollata","Euphorbia corollata"
"Kalopanax","septemlobus","Kalopanax septemlobus"
"Dioscorea","polystachya","Dioscorea polystachya"
"Symphyotrichum","patens","Symphyotrichum patens"
"Symphoricarpos","albus","Symphoricarpos albus"
"Tiarella","stolonifera","Tiarella stolonifera"
"Eutrochium","fistulosum","Eutrochium fistulosum"
"Rorippa","sylvestris","Rorippa sylvestris"
"Lonicera","sempervirens","Lonicera sempervirens"
"Scilla","forbesii","Scilla forbesii"
"Caulophyllum","thalictroides","Caulophyllum thalictroides"
"Eupatorium","serotinum","Eupatorium serotinum"
"Phedimus","spurius","Phedimus spurius"
"Viola","arvensis","Viola arvensis"
"Lactuca","biennis","Lactuca biennis"
"Rorippa","palustris","Rorippa palustris"
"Diplotaxis","tenuifolia","Diplotaxis tenuifolia"
"Sanicula","odorata","Sanicula odorata"
"Equisetum","praealtum","Equisetum praealtum"
"Itea","virginica","Itea virginica"
"Symphyotrichum","novae-angliae","Symphyotrichum novae-angliae"
"Euphorbia","marginata","Euphorbia marginata"
"Salix","discolor","Salix discolor"
"Lamium","maculatum","Lamium maculatum"
"Senna","hebecarpa","Senna hebecarpa"
"Hylodesmum","nudiflorum","Hylodesmum nudiflorum"
"Quercus","cerris","Quercus cerris"
"Sisymbrium","officinale","Sisymbrium officinale"
"Phellodendron","amurense","Phellodendron amurense"
"Solanum","emulans","Solanum emulans"
"Spergularia","marina","Spergularia marina"
"Hylotelephium","telephium","Hylotelephium telephium"
"Eurybia","macrophylla","Eurybia macrophylla"
"Dysphania","atriplicifolia","Dysphania atriplicifolia"
"Corydalis","incisa","Corydalis incisa"
"Viburnum","rhytidophyllum","Viburnum rhytidophyllum"
"Hyacinthoides","hispanica","Hyacinthoides hispanica"
"Impatiens","balsamina","Impatiens balsamina"
"Malus","toringo","Malus toringo"
"Agastache","nepetoides","Agastache nepetoides"
"Symphyotrichum","prenanthoides","Symphyotrichum prenanthoides"
"Phlox","divaricata","Phlox divaricata"
"Cladrastis","kentukea","Cladrastis kentukea"
"Achillea","filipendulina","Achillea filipendulina"
"Prunus","laurocerasus","Prunus laurocerasus"
"Centaurea","montana","Centaurea montana"
"Arctium","lappa","Arctium lappa"
"Zea","mays","Zea mays"
"Trillium","cuneatum","Trillium cuneatum"
"Hyacinthus","orientalis","Hyacinthus orientalis"
"Pycnanthemum","virginianum","Pycnanthemum virginianum"
"Taxus","baccata","Taxus baccata"
"Panax","trifolius","Panax trifolius"
"Chrysogonum","virginianum","Chrysogonum virginianum"
"Claytosmunda","claytoniana","Claytosmunda claytoniana"
"Cardamine","pratensis","Cardamine pratensis"
"Veronicastrum","virginicum","Veronicastrum virginicum"
"Rudbeckia","fulgida","Rudbeckia fulgida"
"Scutellaria","incana","Scutellaria incana"
"Diospyros","virginiana","Diospyros virginiana"
"Pinus","resinosa","Pinus resinosa"
"Carduus","nutans","Carduus nutans"
"Lotus","tenuis","Lotus tenuis"
"Polemonium","reptans","Polemonium reptans"
"Muscari","botryoides","Muscari botryoides"
"Quercus","bicolor","Quercus bicolor"
"Lobelia","inflata","Lobelia inflata"
"Geum","laciniatum","Geum laciniatum"
"Ipheion","uniflorum","Ipheion uniflorum"
"Crocus","tommasinianus","Crocus tommasinianus"
"Mirabilis","jalapa","Mirabilis jalapa"
"Chamaecrista","nictitans","Chamaecrista nictitans"
"Arenaria","serpyllifolia","Arenaria serpyllifolia"
"Oxalis","corniculata","Oxalis corniculata"
"Solidago","flexicaulis","Solidago flexicaulis"
"Adiantum","pedatum","Adiantum pedatum"
"Hydrophyllum","virginianum","Hydrophyllum virginianum"
"Dryopteris","erythrosora","Dryopteris erythrosora"
"Prunus","padus","Prunus padus"
"Aphyllon","uniflorum","Aphyllon uniflorum"
"Conopholis","americana","Conopholis americana"
"Viburnum","lentago","Viburnum lentago"
"Panicum","dichotomiflorum","Panicum dichotomiflorum"
"Ranunculus","repens","Ranunculus repens"
"Reynoutria","bohemica","Reynoutria bohemica"
"Trifolium","aureum","Trifolium aureum"
"Picea","glauca","Picea glauca"
"Citrus","trifoliata","Citrus trifoliata"
"Antennaria","neglecta","Antennaria neglecta"
"Cystopteris","tenuis","Cystopteris tenuis"
"Trillium","erectum","Trillium erectum"
"Lepidium","densiflorum","Lepidium densiflorum"
"Asarum","canadense","Asarum canadense"
"Nabalus","trifoliolatus","Nabalus trifoliolatus"
"Chasmanthium","latifolium","Chasmanthium latifolium"
"Erigeron","pulchellus","Erigeron pulchellus"
"Capnoides","sempervirens","Capnoides sempervirens"
"Tarenaya","houtteana","Tarenaya houtteana"
"Cerastium","glomeratum","Cerastium glomeratum"
"Solidago","rigida","Solidago rigida"
"Pachysandra","procumbens","Pachysandra procumbens"
"Iris","sanguinea","Iris sanguinea"
"Ligustrum","vulgare","Ligustrum vulgare"
"Packera","aurea","Packera aurea"
"Anisocampium","niponicum","Anisocampium niponicum"
"Pedicularis","canadensis","Pedicularis canadensis"
"Carex","sparganioides","Carex sparganioides"
"Petasites","hybridus","Petasites hybridus"
"Trillium","grandiflorum","Trillium grandiflorum"
"Mahonia","bealei","Mahonia bealei"
"Leucojum","aestivum","Leucojum aestivum"
"Osmorhiza","longistylis","Osmorhiza longistylis"
"Alkekengi","officinarum","Alkekengi officinarum"
"Muscari","neglectum","Muscari neglectum"
"Micranthes","virginiensis","Micranthes virginiensis"
"Crataegus","monogyna","Crataegus monogyna"
"Sorghum","bicolor","Sorghum bicolor"
"Morus","rubra","Morus rubra"
"Athyrium","angustum","Athyrium angustum"
"Quercus","macrocarpa","Quercus macrocarpa"
"Hepatica","acutiloba","Hepatica acutiloba"
"Carex","blanda","Carex blanda"
"Anemone","virginiana","Anemone virginiana"
"Smilax","herbacea","Smilax herbacea"
"Laportea","canadensis","Laportea canadensis"
"Atocion","armeria","Atocion armeria"
"Ulmus","glabra","Ulmus glabra"
"Cerastium","fontanum","Cerastium fontanum"
"Magnolia","acuminata","Magnolia acuminata"
"Strophostyles","helvola","Strophostyles helvola"
"Medicago","sativa","Medicago sativa"
"Ulmus","pumila","Ulmus pumila"
"Cyperus","iria","Cyperus iria"
"Ulmus","americana","Ulmus americana"
"Sedum","ternatum","Sedum ternatum"
"Lablab","purpureus","Lablab purpureus"
"Symphyotrichum","laeve","Symphyotrichum laeve"
"Wisteria","sinensis","Wisteria sinensis"
"Hydrangea","quercifolia","Hydrangea quercifolia"
"Polypodium","virginianum","Polypodium virginianum"
"Hypericum","prolificum","Hypericum prolificum"
"Hordeum","jubatum","Hordeum jubatum"
"Juncus","tenuis","Juncus tenuis"
"Aruncus","dioicus","Aruncus dioicus"
"Allium","cernuum","Allium cernuum"
"Taenidia","integerrima","Taenidia integerrima"
"Lonicera","morrowii","Lonicera morrowii"
"Rhus","aromatica","Rhus aromatica"
"Nepeta","cataria","Nepeta cataria"
"Carex","swanii","Carex swanii"
"Chrysosplenium","americanum","Chrysosplenium americanum"
"Distichlis","spicata","Distichlis spicata"
"Spergularia","rubra","Spergularia rubra"
"Carex","cephalophora","Carex cephalophora"
"Mirabilis","nyctaginea","Mirabilis nyctaginea"
"Philadelphus","coronarius","Philadelphus coronarius"
"Parthenocissus","inserta","Parthenocissus inserta"
"Vallisneria","americana","Vallisneria americana"
"Glyceria","striata","Glyceria striata"
"Xanthorhiza","simplicissima","Xanthorhiza simplicissima"
"Cardamine","pensylvanica","Cardamine pensylvanica"
"Tilia","cordata","Tilia cordata"
"Rosa","setigera","Rosa setigera"
"Acer","pensylvanicum","Acer pensylvanicum"
"Zelkova","serrata","Zelkova serrata"
"Hydrocotyle","sibthorpioides","Hydrocotyle sibthorpioides"
"Viola","cucullata","Viola cucullata"
"Xanthium","orientale","Xanthium orientale"
"Lilium","lancifolium","Lilium lancifolium"
"Salix","nigra","Salix nigra"
"Pourthiaea","villosa","Pourthiaea villosa"
"Lolium","perenne","Lolium perenne"
"Bromus","inermis","Bromus inermis"
"Andropogon","gerardi","Andropogon gerardi"
"Helenium","flexuosum","Helenium flexuosum"
"Betula","alleghaniensis","Betula alleghaniensis"
"Primula","vulgaris","Primula vulgaris"
"Liatris","spicata","Liatris spicata"
"Symphyotrichum","lateriflorum","Symphyotrichum lateriflorum"
"Narcissus","poeticus","Narcissus poeticus"
"Stachys","byzantina","Stachys byzantina"
"Apocynum","androsaemifolium","Apocynum androsaemifolium"
"Styrax","japonicus","Styrax japonicus"
"Oenothera","speciosa","Oenothera speciosa"
"Quercus","marilandica","Quercus marilandica"
"Persicaria","extremiorientalis","Persicaria extremiorientalis"
"Cornus","alternifolia","Cornus alternifolia"
"Amaranthus","blitum","Amaranthus blitum"
"Hyacinthoides","massartiana","Hyacinthoides massartiana"
"Ptelea","trifoliata","Ptelea trifoliata"
"Picea","rubens","Picea rubens"
"Symphyotrichum","subulatum","Symphyotrichum subulatum"
"Euphorbia","polygonifolia","Euphorbia polygonifolia"
"Artemisia","campestris","Artemisia campestris"
"Symphyotrichum","pilosum","Symphyotrichum pilosum"
"Taraxacum","erythrospermum","Taraxacum erythrospermum"
"Lycium","barbarum","Lycium barbarum"
"Pilosella","officinarum","Pilosella officinarum"
"Artemisia","ludoviciana","Artemisia ludoviciana"
"Sonchus","asper","Sonchus asper"
"Dicentra","eximia","Dicentra eximia"
"Abies","balsamea","Abies balsamea"
"Viola","odorata","Viola odorata"
"Wisteria","floribunda","Wisteria floribunda"
"Prunus","avium","Prunus avium"
"Vitis","labrusca","Vitis labrusca"
"Robinia","hispida","Robinia hispida"
"Paspalum","setaceum","Paspalum setaceum"
"Maianthemum","stellatum","Maianthemum stellatum"
"Pyrus","communis","Pyrus communis"
"Acalypha","australis","Acalypha australis"
"Sorbaria","sorbifolia","Sorbaria sorbifolia"
"Triticum","aestivum","Triticum aestivum"
"Muhlenbergia","schreberi","Muhlenbergia schreberi"
"Asarum","europaeum","Asarum europaeum"
"Anaphalis","margaritacea","Anaphalis margaritacea"
"Eragrostis","cilianensis","Eragrostis cilianensis"
"Rubus","pensilvanicus","Rubus pensilvanicus"
"Euphorbia","virgata","Euphorbia virgata"
"Caulophyllum","giganteum","Caulophyllum giganteum"
"Trillium","luteum","Trillium luteum"
"Tropaeolum","majus","Tropaeolum majus"
"Heuchera","villosa","Heuchera villosa"
"Ratibida","pinnata","Ratibida pinnata"
"Papaver","orientale","Papaver orientale"
"Stellaria","apetala","Stellaria apetala"
"Filipendula","rubra","Filipendula rubra"
"Athyrium","asplenioides","Athyrium asplenioides"
"Gentiana","clausa","Gentiana clausa"
"Lonicera","gracilipes","Lonicera gracilipes"
"Myosotis","arvensis","Myosotis arvensis"
"Geranium","thunbergii","Geranium thunbergii"
"Puschkinia","scilloides","Puschkinia scilloides"
"Corydalis","cheilanthifolia","Corydalis cheilanthifolia"
"Carex","amphibola","Carex amphibola"
"Penstemon","hirsutus","Penstemon hirsutus"
"Sparganium","eurycarpum","Sparganium eurycarpum"
"Parietaria","pensylvanica","Parietaria pensylvanica"
"Hieracium","paniculatum","Hieracium paniculatum"
"Amaranthus","cruentus","Amaranthus cruentus"
"Pellaea","atropurpurea","Pellaea atropurpurea"
"Jeffersonia","diphylla","Jeffersonia diphylla"
"Crataegus","mollis","Crataegus mollis"
"Cypripedium","parviflorum","Cypripedium parviflorum"
"Cephalotaxus","harringtonia","Cephalotaxus harringtonia"
"Ligustrum","sinense","Ligustrum sinense"
"Chaenorhinum","minus","Chaenorhinum minus"
"Viola","pubescens","Viola pubescens"
"Cyperus","odoratus","Cyperus odoratus"
"Veronica","polita","Veronica polita"
"Crataegus","marshallii","Crataegus marshallii"
"Magnolia","soulangeana","Magnolia soulangeana"
"Carex","muskingumensis","Carex muskingumensis"
"Alnus","glutinosa","Alnus glutinosa"
"Paspalum","laeve","Paspalum laeve"
"Elsholtzia","ciliata","Elsholtzia ciliata"
"Corylus","americana","Corylus americana"
"Euphorbia","peplus","Euphorbia peplus"
"Turritis","glabra","Turritis glabra"
"Aesculus","pavia","Aesculus pavia"
"Penthorum","sedoides","Penthorum sedoides"
"Zanthoxylum","simulans","Zanthoxylum simulans"
"Fagopyrum","esculentum","Fagopyrum esculentum"
"Scirpus","microcarpus","Scirpus microcarpus"
"Aquilegia","vulgaris","Aquilegia vulgaris"
"Cornus","racemosa","Cornus racemosa"
"Echinochloa","walteri","Echinochloa walteri"
"Prunus","virginiana","Prunus virginiana"
"Carex","sprengelii","Carex sprengelii"
"Poa","compressa","Poa compressa"
"Solidago","arguta","Solidago arguta"
"Anemone","sylvestris","Anemone sylvestris"
"Euphorbia","amygdaloides","Euphorbia amygdaloides"
"Viola","williamsii","Viola williamsii"
"Dodecatheon","meadia","Dodecatheon meadia"
"Gillenia","trifoliata","Gillenia trifoliata"
"Alnus","incana","Alnus incana"
"Agastache","foeniculum","Agastache foeniculum"
"Nelumbo","nucifera","Nelumbo nucifera"
"Oxybasis","glauca","Oxybasis glauca"
"Muscari","armeniacum","Muscari armeniacum"
"Filipendula","ulmaria","Filipendula ulmaria"
"Lycopus","americanus","Lycopus americanus"
"Carex","granularis","Carex granularis"
"Liriope","muscari","Liriope muscari"
"Allium","schoenoprasum","Allium schoenoprasum"
"Betula","papyrifera","Betula papyrifera"
"Pinus","sylvestris","Pinus sylvestris"
"Colchicum","autumnale","Colchicum autumnale"
"Narcissus","pseudonarcissus","Narcissus pseudonarcissus"
"Ulmus","minor","Ulmus minor"
"Elymus","virginicus","Elymus virginicus"
"Sagina","japonica","Sagina japonica"
"Chenopodium","ficifolium","Chenopodium ficifolium"
"Cuscuta","pentagona","Cuscuta pentagona"
"Bassia","scoparia","Bassia scoparia"
"Foeniculum","vulgare","Foeniculum vulgare"
"Carex","vulpinoidea","Carex vulpinoidea"
"Geranium","dissectum","Geranium dissectum"
"Ludwigia","palustris","Ludwigia palustris"
"Cannabis","sativa","Cannabis sativa"
"Solanum","angustifolium","Solanum angustifolium"
"Physalis","grisea","Physalis grisea"
"Iris","cristata","Iris cristata"
"Callirhoe","involucrata","Callirhoe involucrata"
"Leucanthemum","maximum","Leucanthemum maximum"
"Elymus","repens","Elymus repens"
"Vicia","grandiflora","Vicia grandiflora"
"Poa","pratensis","Poa pratensis"
"Helianthus","tuberosus","Helianthus tuberosus"
"Elaeagnus","angustifolia","Elaeagnus angustifolia"
"Tragopogon","pratensis","Tragopogon pratensis"
"Avena","sativa","Avena sativa"
"Petunia","atkinsiana","Petunia atkinsiana"
"Geranium","pusillum","Geranium pusillum"
"Youngia","japonica","Youngia japonica"
"Atriplex","prostrata","Atriplex prostrata"
"Phlox","stolonifera","Phlox stolonifera"
"Polygonatum","multiflorum","Polygonatum multiflorum"
"Viburnum","lantana","Viburnum lantana"
"Rosa","luciae","Rosa luciae"
"Rhododendron","calendulaceum","Rhododendron calendulaceum"
"Neillia","incisa","Neillia incisa"
"Sisymbrium","loeselii","Sisymbrium loeselii"
"Uvularia","grandiflora","Uvularia grandiflora"
"Sceptridium","dissectum","Sceptridium dissectum"
"Coriandrum","sativum","Coriandrum sativum"
"Abelmoschus","manihot","Abelmoschus manihot"
"Macleaya","cordata","Macleaya cordata"
"Hepatica","americana","Hepatica americana"
"Talinum","paniculatum","Talinum paniculatum"
"Quercus","robur","Quercus robur"
"Fallopia","convolvulus","Fallopia convolvulus"
"Carex","plantaginea","Carex plantaginea"
"Scilla","mischtschenkoana","Scilla mischtschenkoana"
"Euphorbia","ophthalmica","Euphorbia ophthalmica"
"Mummenhoffia","alliacea","Mummenhoffia alliacea"
"Urtica","dioica","Urtica dioica"
"Conium","maculatum","Conium maculatum"
"Digitaria","ischaemum","Digitaria ischaemum"
"Solanum","sarrachoides","Solanum sarrachoides"
"Viburnum","lantanoides","Viburnum lantanoides"
"Ipomoea","alba","Ipomoea alba"
"Styphnolobium","japonicum","Styphnolobium japonicum"
"Mitella","diphylla","Mitella diphylla"
"Persicaria","lapathifolia","Persicaria lapathifolia"
"Malus","baccata","Malus baccata"
"Phegopteris","hexagonoptera","Phegopteris hexagonoptera"
"Campanula","intercedens","Campanula intercedens"
"Abelmoschus","esculentus","Abelmoschus esculentus"
"Elodea","canadensis","Elodea canadensis"
"Physalis","longifolia","Physalis longifolia"
"Acer","tataricum","Acer tataricum"
"Amaranthus","retroflexus","Amaranthus retroflexus"
"Carex","platyphylla","Carex platyphylla"
"Euphorbia","nutans","Euphorbia nutans"
"Digitaria","sanguinalis","Digitaria sanguinalis"
"Thermopsis","villosa","Thermopsis villosa"
"Oenothera","lindheimeri","Oenothera lindheimeri"
"Aristolochia","clematitis","Aristolochia clematitis"
"Allium","ursinum","Allium ursinum"
"Crataegus","crus-galli","Crataegus crus-galli"
"Iris","sibirica","Iris sibirica"
"Schoenoplectus","tabernaemontani","Schoenoplectus tabernaemontani"
"Dryopteris","carthusiana","Dryopteris carthusiana"
"Viburnum","carlesii","Viburnum carlesii"
"Epilobium","coloratum","Epilobium coloratum"
"Cyperus","microiria","Cyperus microiria"
"Helleborus","niger","Helleborus niger"
"Nigella","damascena","Nigella damascena"
"Brassica","rapa","Brassica rapa"
"Mycelis","muralis","Mycelis muralis"
"Cotoneaster","horizontalis","Cotoneaster horizontalis"
"Symphyotrichum","ericoides","Symphyotrichum ericoides"
"Lepidium","draba","Lepidium draba"
"Eupatorium","altissimum","Eupatorium altissimum"
"Rubus","caesius","Rubus caesius"
"Aesculus","glabra","Aesculus glabra"
"Centaurea","moncktonii","Centaurea moncktonii"
"Galium","album","Galium album"
"Ranunculus","acris","Ranunculus acris"
"Quercus","muehlenbergii","Quercus muehlenbergii"
"Persicaria","punctata","Persicaria punctata"
"Centaurium","erythraea","Centaurium erythraea"
"Cyperus","strigosus","Cyperus strigosus"
"Vernonia","gigantea","Vernonia gigantea"
"Oenothera","gaura","Oenothera gaura"
"Cuscuta","gronovii","Cuscuta gronovii"
"Bouteloua","curtipendula","Bouteloua curtipendula"
"Nymphoides","peltata","Nymphoides peltata"
"Symphyotrichum","puniceum","Symphyotrichum puniceum"
"Bellis","perennis","Bellis perennis"
"Lupinus","polyphyllus","Lupinus polyphyllus"
"Cinna","arundinacea","Cinna arundinacea"
"Hieracium","lachenalii","Hieracium lachenalii"
"Viburnum","wrightii","Viburnum wrightii"
"Fragaria","vesca","Fragaria vesca"
"Chimaphila","umbellata","Chimaphila umbellata"
"Oenothera","laciniata","Oenothera laciniata"
"Geum","aleppicum","Geum aleppicum"
"Galium","triflorum","Galium triflorum"
"Houstonia","caerulea","Houstonia caerulea"
"Diphasiastrum","digitatum","Diphasiastrum digitatum"
"Polygaloides","paucifolia","Polygaloides paucifolia"
"Gentiana","andrewsii","Gentiana andrewsii"
"Asclepias","verticillata","Asclepias verticillata"
"Silphium","terebinthinaceum","Silphium terebinthinaceum"
"Rubus","rosa","Rubus rosa"
"Lupinus","perennis","Lupinus perennis"
"Echinacea","pallida","Echinacea pallida"
"Gillenia","stipulata","Gillenia stipulata"
"Pilosella","caespitosa","Pilosella caespitosa"
"Rubus","pubescens","Rubus pubescens"
"Carex","lupulina","Carex lupulina"
"Oclemena","acuminata","Oclemena acuminata"
"Hydrocotyle","americana","Hydrocotyle americana"
"Doellingeria","umbellata","Doellingeria umbellata"
"Sorbus","aucuparia","Sorbus aucuparia"
"Stellaria","graminea","Stellaria graminea"
"Heterotheca","subaxillaris","Heterotheca subaxillaris"
"Ceanothus","americanus","Ceanothus americanus"
"Symphyotrichum","novi-belgii","Symphyotrichum novi-belgii"
"Sonchus","arvensis","Sonchus arvensis"
"Lycopus","europaeus","Lycopus europaeus"
"Mahonia","aquifolium","Mahonia aquifolium"
"Silene","antirrhina","Silene antirrhina"
"Stellaria","aquatica","Stellaria aquatica"
"Eupatorium","pilosum","Eupatorium pilosum"
"Selaginella","apoda","Selaginella apoda"
"Inula","helenium","Inula helenium"
"Juglans","cinerea","Juglans cinerea"
"Allium","tricoccum","Allium tricoccum"
"Zanthoxylum","americanum","Zanthoxylum americanum"
"Trifolium","fragiferum","Trifolium fragiferum"
"Abies","concolor","Abies concolor"
"Actaea","rubra","Actaea rubra"
"Lilium","canadense","Lilium canadense"
"Arrhenatherum","elatius","Arrhenatherum elatius"
"Campanula","trachelium","Campanula trachelium"
"Cyperus","bipartitus","Cyperus bipartitus"
"Ribes","americanum","Ribes americanum"
"Echium","vulgare","Echium vulgare"
"Myriophyllum","spicatum","Myriophyllum spicatum"
"Viola","labradorica","Viola labradorica"
"Silene","flos-cuculi","Silene flos-cuculi"
"Persicaria","hydropiperoides","Persicaria hydropiperoides"
"Trillium","cernuum","Trillium cernuum"
"Larix","laricina","Larix laricina"
"Rosa","canina","Rosa canina"
"Salix","eriocephala","Salix eriocephala"
"Gnaphalium","uliginosum","Gnaphalium uliginosum"
"Lysimachia","vulgaris","Lysimachia vulgaris"
"Sium","suave","Sium suave"
"Carex","torta","Carex torta"
"Nabalus","altissima","Nabalus altissima"
"Bartonia","virginica","Bartonia virginica"
"Mentha","piperita","Mentha piperita"
"Veronica","anagallis-aquatica","Veronica anagallis-aquatica"
"Cornus","rugosa","Cornus rugosa"
"Scutellaria","galericulata","Scutellaria galericulata"
"Carex","extensa","Carex extensa"
"Suaeda","maritima","Suaeda maritima"
"Pycnanthemum","incanum","Pycnanthemum incanum"
"Barbarea","verna","Barbarea verna"
"Pilosella","aurantiaca","Pilosella aurantiaca"
"Corylus","cornuta","Corylus cornuta"
"Dendrolycopodium","dendroideum","Dendrolycopodium dendroideum"
"Lycopodium","clavatum","Lycopodium clavatum"
"Carex","pallescens","Carex pallescens"
"Botrypus","virginianus","Botrypus virginianus"
"Persicaria","amphibia","Persicaria amphibia"
"Digitalis","grandiflora","Digitalis grandiflora"
"Asplenium","trichomanes","Asplenium trichomanes"
"Larix","decidua","Larix decidua"
"Vaccinium","stamineum","Vaccinium stamineum"
"Platanthera","lacera","Platanthera lacera"
"Lobelia","spicata","Lobelia spicata"
"Toxicodendron","rydbergii","Toxicodendron rydbergii"
"Acer","spicatum","Acer spicatum"
"Ribes","cynosbati","Ribes cynosbati"
"Ilex","mucronata","Ilex mucronata"
"Galium","verum","Galium verum"
"Lonicera","dioica","Lonicera dioica"
"Carduus","acanthoides","Carduus acanthoides"
"Acer","nigrum","Acer nigrum"
"Pulmonaria","saccharata","Pulmonaria saccharata"
"Viola","rostrata","Viola rostrata"
"Dirca","palustris","Dirca palustris"
"Lonicera","canadensis","Lonicera canadensis"
"Borodinia","laevigata","Borodinia laevigata"
"Torilis","japonica","Torilis japonica"
"Dryopteris","goldieana","Dryopteris goldieana"
"Uvularia","perfoliata","Uvularia perfoliata"
"Cystopteris","bulbifera","Cystopteris bulbifera"
"Carex","gracillima","Carex gracillima"
"Pyrola","elliptica","Pyrola elliptica"
"Erysimum","cheiranthoides","Erysimum cheiranthoides"
"Phegopteris","connectilis","Phegopteris connectilis"
"Huperzia","lucidula","Huperzia lucidula"
"Carex","flava","Carex flava"
"Agrimonia","parviflora","Agrimonia parviflora"
"Claytonia","caroliniana","Claytonia caroliniana"
"Parnassia","glauca","Parnassia glauca"
"Lobelia","kalmii","Lobelia kalmii"
"Carex","hystericina","Carex hystericina"
"Eriophorum","viridicarinatum","Eriophorum viridicarinatum"
"Asplenium","rhizophyllum","Asplenium rhizophyllum"
"Cirsium","pumilum","Cirsium pumilum"
"Lysimachia","thyrsiflora","Lysimachia thyrsiflora"
"Dipsacus","laciniatus","Dipsacus laciniatus"
"Scirpus","atrovirens","Scirpus atrovirens"
"Cubelium","concolor","Cubelium concolor"
"Viola","rotundifolia","Viola rotundifolia"
"Lilium","philadelphicum","Lilium philadelphicum"
"Prunus","pensylvanica","Prunus pensylvanica"
"Coptis","trifolia","Coptis trifolia"
"Viola","blanda","Viola blanda"
"Dryopteris","cristata","Dryopteris cristata"
"Solidago","patula","Solidago patula"
"Fraxinus","nigra","Fraxinus nigra"
"Dicentra","canadensis","Dicentra canadensis"
"Sibbaldia","tridentata","Sibbaldia tridentata"
"Agalinis","tenuifolia","Agalinis tenuifolia"
"Mimulus","alatus","Mimulus alatus"
"Agrimonia","gryposepala","Agrimonia gryposepala"
"Pinus","banksiana","Pinus banksiana"
"Malva","moschata","Malva moschata"
"Spinulum","annotinum","Spinulum annotinum"
"Oxalis","montana","Oxalis montana"
"Trillium","undulatum","Trillium undulatum"
"Chamaenerion","angustifolium","Chamaenerion angustifolium"
"Luzula","acuminata","Luzula acuminata"
"Clintonia","borealis","Clintonia borealis"
"Sorbus","americana","Sorbus americana"
"Cornus","canadensis","Cornus canadensis"
"Geum","rivale","Geum rivale"
"Rhododendron","roseum","Rhododendron roseum"
"Linnaea","borealis","Linnaea borealis"
"Dianthus","deltoides","Dianthus deltoides"
"Carex","pedunculata","Carex pedunculata"
"Eriophorum","virginicum","Eriophorum virginicum"
"Antennaria","parlinii","Antennaria parlinii"
"Geum","fragarioides","Geum fragarioides"
"Calla","palustris","Calla palustris"
"Comarum","palustre","Comarum palustre"
"Carex","gynandra","Carex gynandra"
"Carya","ovalis","Carya ovalis"
"Mentha","canadensis","Mentha canadensis"
"Viburnum","rafinesqueanum","Viburnum rafinesqueanum"
"Spiranthes","arcisepala","Spiranthes arcisepala"
"Palustricodon","aparinoides","Palustricodon aparinoides"
"Equisetum","sylvaticum","Equisetum sylvaticum"
"Spiranthes","incurva","Spiranthes incurva"
"Butomus","umbellatus","Butomus umbellatus"
"Drymocallis","arguta","Drymocallis arguta"
"Veronica","americana","Veronica americana"
"Galeopsis","bifida","Galeopsis bifida"
"Epilobium","parviflorum","Epilobium parviflorum"
"Arisaema","stewardsonii","Arisaema stewardsonii"
"Calystegia","spithamaea","Calystegia spithamaea"
"Daphne","mezereum","Daphne mezereum"
"Platanthera","clavellata","Platanthera clavellata"
"Rhododendron","groenlandicum","Rhododendron groenlandicum"
"Vaccinium","myrtilloides","Vaccinium myrtilloides"
"Gaultheria","hispidula","Gaultheria hispidula"
"Circaea","alpina","Circaea alpina"
"Polygala","senega","Polygala senega"
"Carex","albursina","Carex albursina"
"Geum","urbanum","Geum urbanum"
"Smilax","tamnoides","Smilax tamnoides"
"Hydrophyllum","canadense","Hydrophyllum canadense"
"Andromeda","polifolia","Andromeda polifolia"
"Gymnocarpium","dryopteris","Gymnocarpium dryopteris"
"Veronica","scutellata","Veronica scutellata"
"Streptopus","lanceolatus","Streptopus lanceolatus"
"Picea","mariana","Picea mariana"
"Hypericum","ellipticum","Hypericum ellipticum"
"Vaccinium","oxycoccos","Vaccinium oxycoccos"
"Polymnia","canadensis","Polymnia canadensis"
"Picris","hieracioides","Picris hieracioides"
"Patis","racemosa","Patis racemosa"
"Homalosorus","pycnocarpos","Homalosorus pycnocarpos"
"Dalibarda","repens","Dalibarda repens"
"Lonicera","hirsuta","Lonicera hirsuta"
"Geum","catlingii","Geum catlingii"
"Crataegus","punctata","Crataegus punctata"
"Symphyotrichum","urophyllum","Symphyotrichum urophyllum"
"Solidago","ohioensis","Solidago ohioensis"
"Carex","interior","Carex interior"
"Poterium","sanguisorba","Poterium sanguisorba"
"Schoenoplectus","acutus","Schoenoplectus acutus"
"Symphyotrichum","ontarionis","Symphyotrichum ontarionis"
"Adlumia","fungosa","Adlumia fungosa"
"Ulmus","thomasii","Ulmus thomasii"
"Lilium","michiganense","Lilium michiganense"
"Schizachne","purpurascens","Schizachne purpurascens"
"Argentina","anserina","Argentina anserina"
"Antennaria","howellii","Antennaria howellii"
"Rosa","blanda","Rosa blanda"
"Kalmia","polifolia","Kalmia polifolia"
"Euphorbia","vermiculata","Euphorbia vermiculata"
"Gentiana","linearis","Gentiana linearis"
"Geum","triflorum","Geum triflorum"
"Houstonia","longifolia","Houstonia longifolia"
