"genus","species","pa","ny","total","pa.pc","ny.pc","evenness"
"Artemisia","Artemisia vulgaris",1500,11089,12589,11.9151640320915,88.0848359679085,0.23830328064183
"Asclepias","Asclepias syriaca",1742,4806,6548,26.6035430665852,73.3964569334148,0.532070861331704
"Ailanthus","Ailanthus altissima",1319,4421,5740,22.9790940766551,77.0209059233449,0.459581881533101
"Rosa","Rosa multiflora",2082,2893,4975,41.8492462311558,58.1507537688442,0.836984924623116
"Rubus","Rubus phoenicolasius",2636,2235,4871,54.1161979059741,45.8838020940259,0.917676041880517
"Liriodendron","Liriodendron tulipifera",1927,1546,3473,55.485171321624,44.514828678376,0.890296573567521
"Rhus","Rhus typhina",1070,1932,3002,35.6429047301799,64.3570952698201,0.712858094603598
"Taraxacum","Taraxacum officinale",914,2044,2958,30.8992562542258,69.1007437457742,0.617985125084517
"Trifolium","Trifolium repens",1005,1754,2759,36.4262413918086,63.5737586081914,0.728524827836172
"Prunus","Prunus serotina",554,2003,2557,21.6660148611654,78.3339851388346,0.433320297223309
"Acer","Acer negundo",964,1554,2518,38.2843526608419,61.7156473391581,0.765687053216839
"Robinia","Robinia pseudoacacia",766,1672,2438,31.4191960623462,68.5808039376538,0.628383921246924
"Acer","Acer platanoides",904,1397,2301,39.2872664059105,60.7127335940895,0.785745328118209
"Acer","Acer rubrum",850,1327,2177,39.0445567294442,60.9554432705558,0.780891134588884
"Lonicera","Lonicera maackii",1484,569,2053,72.2844617632733,27.7155382367267,0.554310764734535
"Rubus","Rubus occidentalis",860,1177,2037,42.2189494354443,57.7810505645557,0.844378988708886
"Lonicera","Lonicera japonica",905,1083,1988,45.523138832998,54.476861167002,0.91046277665996
"Asclepias","Asclepias tuberosa",750,1130,1880,39.8936170212766,60.1063829787234,0.797872340425532
"Cercis","Cercis canadensis",948,796,1744,54.3577981651376,45.6422018348624,0.912844036697248
"Rubus","Rubus odoratus",442,1137,1579,27.9924002533249,72.0075997466751,0.559848005066498
"Asclepias","Asclepias incarnata",474,958,1432,33.1005586592179,66.8994413407821,0.662011173184358
"Viburnum","Viburnum acerifolium",394,1028,1422,27.7074542897328,72.2925457102672,0.554149085794655
"Ilex","Ilex opaca",728,691,1419,51.3037350246653,48.6962649753347,0.973925299506695
"Symphyotrichum","Symphyotrichum novae-angliae",356,894,1250,28.48,71.52,0.5696
"Tilia","Tilia americana",391,754,1145,34.1484716157205,65.8515283842795,0.68296943231441
"Acer","Acer pensylvanicum",336,745,1081,31.0823311748381,68.9176688251619,0.621646623496762
"Acer","Acer saccharinum",488,448,936,52.1367521367521,47.8632478632479,0.957264957264957
"Solidago","Solidago caesia",328,583,911,36.0043907793633,63.9956092206367,0.720087815587267
"Verbesina","Verbesina alternifolia",805,89,894,90.0447427293065,9.95525727069351,0.19910514541387
"Acer","Acer saccharum",355,533,888,39.9774774774775,60.0225225225225,0.79954954954955
"Sambucus","Sambucus canadensis",378,491,869,43.4982738780207,56.5017261219793,0.869965477560414
"Rosa","Rosa rugosa",61,758,819,7.44810744810745,92.5518925518925,0.148962148962149
"Rhus","Rhus copallina",80,679,759,10.5401844532279,89.4598155467721,0.210803689064559
"Melilotus","Melilotus albus",221,520,741,29.8245614035088,70.1754385964912,0.596491228070175
"Castanea","Castanea dentata",291,362,653,44.5635528330781,55.4364471669219,0.891271056661562
"Solidago","Solidago rugosa",257,380,637,40.3453689167975,59.6546310832025,0.80690737833595
"Viburnum","Viburnum plicatum",406,229,635,63.9370078740157,36.0629921259843,0.721259842519685
"Viburnum","Viburnum lantanoides",87,531,618,14.0776699029126,85.9223300970874,0.281553398058252
"Viburnum","Viburnum prunifolium",372,237,609,61.0837438423645,38.9162561576355,0.778325123152709
"Plantago","Plantago major",110,484,594,18.5185185185185,81.4814814814815,0.37037037037037
"Ilex","Ilex verticillata",288,304,592,48.6486486486486,51.3513513513514,0.972972972972973
"Rhus","Rhus glabra",97,481,578,16.7820069204152,83.2179930795848,0.335640138408305
"Viburnum","Viburnum opulus",177,379,556,31.8345323741007,68.1654676258993,0.636690647482014
"Melilotus","Melilotus officinalis",234,296,530,44.1509433962264,55.8490566037736,0.883018867924528
"Catalpa","Catalpa speciosa",193,319,512,37.6953125,62.3046875,0.75390625
"Solidago","Solidago flexicaulis",185,327,512,36.1328125,63.8671875,0.72265625
"Artemisia","Artemisia annua",174,306,480,36.25,63.75,0.725
"Convolvulus","Convolvulus arvensis",94,356,450,20.8888888888889,79.1111111111111,0.417777777777778
"Sambucus","Sambucus racemosa",160,284,444,36.036036036036,63.963963963964,0.720720720720721
"Symphyotrichum","Symphyotrichum cordifolium",141,266,407,34.6437346437346,65.3562653562654,0.692874692874693
"Viburnum","Viburnum dilatatum",215,191,406,52.9556650246305,47.0443349753695,0.940886699507389
"Symphyotrichum","Symphyotrichum lateriflorum",178,192,370,48.1081081081081,51.8918918918919,0.962162162162162
"Rhus","Rhus aromatica",91,268,359,25.3481894150418,74.6518105849582,0.506963788300836
"Acer","Acer pseudoplatanus",77,276,353,21.8130311614731,78.1869688385269,0.436260623229462
"Solidago","Solidago bicolor",124,192,316,39.2405063291139,60.7594936708861,0.784810126582279
"Viburnum","Viburnum sieboldii",187,129,316,59.1772151898734,40.8227848101266,0.816455696202532
"Aesculus","Aesculus hippocastanum",56,258,314,17.8343949044586,82.1656050955414,0.356687898089172
"Lonicera","Lonicera morrowii",125,169,294,42.5170068027211,57.4829931972789,0.850340136054422
"Prunus","Prunus virginiana",66,211,277,23.826714801444,76.173285198556,0.476534296028881
"Viburnum","Viburnum lentago",43,230,273,15.7509157509158,84.2490842490842,0.315018315018315
"Acer","Acer palmatum",70,180,250,28,72,0.56
"Pycnanthemum","Pycnanthemum muticum",97,133,230,42.1739130434783,57.8260869565217,0.843478260869565
"Solidago","Solidago altissima",128,95,223,57.3991031390135,42.6008968609865,0.852017937219731
"Solidago","Solidago juncea",69,132,201,34.3283582089552,65.6716417910448,0.686567164179104
"Heliopsis","Heliopsis helianthoides",106,94,200,53,47,0.94
"Viburnum","Viburnum dentatum",62,131,193,32.1243523316062,67.8756476683938,0.642487046632124
"Viburnum","Viburnum cassinoides",10,180,190,5.26315789473684,94.7368421052632,0.105263157894737
"Acer","Acer spicatum",39,140,179,21.7877094972067,78.2122905027933,0.435754189944134
"Prunus","Prunus persica",89,84,173,51.4450867052023,48.5549132947977,0.971098265895954
"Helianthus","Helianthus annuus",63,93,156,40.3846153846154,59.6153846153846,0.807692307692308
"Solidago","Solidago gigantea",71,84,155,45.8064516129032,54.1935483870968,0.916129032258065
"Ilex","Ilex glabra",17,134,151,11.2582781456954,88.7417218543046,0.225165562913907
"Rubus","Rubus laciniatus",34,114,148,22.972972972973,77.027027027027,0.459459459459459
"Symphyotrichum","Symphyotrichum pilosum",86,62,148,58.1081081081081,41.8918918918919,0.837837837837838
"Prunus","Prunus cerasifera",62,82,144,43.0555555555556,56.9444444444444,0.861111111111111
"Solidago","Solidago canadensis",62,81,143,43.3566433566434,56.6433566433566,0.867132867132867
"Symphyotrichum","Symphyotrichum lanceolatum",38,96,134,28.3582089552239,71.6417910447761,0.567164179104478
"Prunus","Prunus avium",56,76,132,42.4242424242424,57.5757575757576,0.848484848484848
"Rubus","Rubus idaeus",22,105,127,17.3228346456693,82.6771653543307,0.346456692913386
"Lonicera","Lonicera canadensis",16,104,120,13.3333333333333,86.6666666666667,0.266666666666667
"Solidago","Solidago nemoralis",45,71,116,38.7931034482759,61.2068965517241,0.775862068965517
"Rubus","Rubus hispidus",35,76,111,31.5315315315315,68.4684684684685,0.630630630630631
"Symphyotrichum","Symphyotrichum laeve",15,95,110,13.6363636363636,86.3636363636364,0.272727272727273
"Viburnum","Viburnum setigerum",31,77,108,28.7037037037037,71.2962962962963,0.574074074074074
"Rubus","Rubus allegheniensis",43,61,104,41.3461538461538,58.6538461538462,0.826923076923077
"Malus","Malus domestica",44,59,103,42.7184466019417,57.2815533980583,0.854368932038835
"Lonicera","Lonicera sempervirens",53,41,94,56.3829787234043,43.6170212765957,0.872340425531915
"Pycnanthemum","Pycnanthemum virginianum",60,34,94,63.8297872340426,36.1702127659574,0.723404255319149
"Helianthus","Helianthus divaricatus",31,60,91,34.0659340659341,65.9340659340659,0.681318681318681
"Symphyotrichum","Symphyotrichum prenanthoides",41,49,90,45.5555555555556,54.4444444444444,0.911111111111111
"Lonicera","Lonicera dioica",21,67,88,23.8636363636364,76.1363636363636,0.477272727272727
"Symphyotrichum","Symphyotrichum puniceum",32,55,87,36.7816091954023,63.2183908045977,0.735632183908046
"Lonicera","Lonicera fragrantissima",29,47,76,38.1578947368421,61.8421052631579,0.763157894736842
"Viburnum","Viburnum recognitum",28,48,76,36.8421052631579,63.1578947368421,0.736842105263158
"Acer","Acer nigrum",42,26,68,61.7647058823529,38.2352941176471,0.764705882352941
"Rubus","Rubus flagellaris",43,25,68,63.2352941176471,36.7647058823529,0.735294117647059
"Helianthus","Helianthus tuberosus",21,41,62,33.8709677419355,66.1290322580645,0.67741935483871
"Cucurbita","Cucurbita pepo",21,39,60,35,65,0.7
"Acer","Acer campestre",27,32,59,45.7627118644068,54.2372881355932,0.915254237288136
"Salix","Salix discolor",19,39,58,32.7586206896552,67.2413793103448,0.655172413793104
